,Model,Top-1 Accuracy (%),Top-5 Accuracy (%),Average MACs,Number Params,Memory Size (MB)
0,AlexNet Model,48.48,75.86,63.111M,3,90.19334697723389
1,Branchy-AlexNet Model,50.57,77.52,20.046M,5,134.86334896087646
2,Super-HBN Model,62.07,86.82,20.087M,.,135.49185466766357
3,TD-HBN Model,56.81,82.27,91.604M,7,136.49725246429443
